Cohort,Cohort-no,Animal,Animal.label,Sample-Type,DPI,Date,Lab reference,ct,seqName,clade,Nextclade_pango,qc.overallScore,qc.overallStatus,totalSubstitutions,totalDeletions,totalInsertions,totalFrameShifts,totalAminoacidSubstitutions,totalAminoacidDeletions,totalAminoacidInsertions,totalMissing,totalNonACGTNs,totalPcrPrimerChanges,substitutions,deletions,insertions,privateNucMutations.reversionSubstitutions,privateNucMutations.labeledSubstitutions,privateNucMutations.unlabeledSubstitutions,privateNucMutations.totalReversionSubstitutions,privateNucMutations.totalLabeledSubstitutions,privateNucMutations.totalUnlabeledSubstitutions,privateNucMutations.totalPrivateSubstitutions,frameShifts,aaSubstitutions,aaDeletions,aaInsertions,missing,nonACGTNs,pcrPrimerChanges,alignmentScore,alignmentStart,alignmentEnd,qc.missingData.missingDataThreshold,qc.missingData.score,qc.missingData.status,qc.missingData.totalMissing,qc.mixedSites.mixedSitesThreshold,qc.mixedSites.score,qc.mixedSites.status,qc.mixedSites.totalMixedSites,qc.privateMutations.cutoff,qc.privateMutations.excess,qc.privateMutations.score,qc.privateMutations.status,qc.privateMutations.total,qc.snpClusters.clusteredSNPs,qc.snpClusters.score,qc.snpClusters.status,qc.snpClusters.totalSNPs,qc.frameShifts.frameShifts,qc.frameShifts.totalFrameShifts,qc.frameShifts.frameShiftsIgnored,qc.frameShifts.totalFrameShiftsIgnored,qc.frameShifts.score,qc.frameShifts.status,qc.stopCodons.stopCodons,qc.stopCodons.totalStopCodons,qc.stopCodons.score,qc.stopCodons.status,errors
Vehicle,1,1,Mouse 1,Swab,1,10.12.21,5687,28.64,Sample_5687,19A,B,1.5625,good,6,0,0,0,4,0,0,152,0,0,"A6948C,G11083T,C21005T,C23525T,C25452T,C28253T",,,,"C23525T|21K&21L&20J&22C&22B&22A&21M,C28253T|20H&21G","A6948C,C21005T,C25452T",0,2,3,5,,"ORF1a:N2228T,ORF1a:L3606F,ORF1b:A2513V,S:H655Y",,,"2,4-28,29734-29738,29740-29815,29817-29826,29828-29839,29842-29851,29854-29864,29866-29867",,,89685,0,29903,3000,0,good,152,10,0,good,0,24,3,12.5,good,11,,0,good,0,,0,,0,0,good,,0,0,good,
Vehicle,1,2,Mouse 2,Swab,1,10.12.21,5688,30.8,Sample_5688,19A,B,1.5625,good,6,0,0,0,4,0,0,122,0,0,"A6948C,G11083T,C21005T,C23525T,C25452T,C28253T",,,,"C23525T|21K&21L&20J&22C&22B&22A&21M,C28253T|20H&21G","A6948C,C21005T,C25452T",0,2,3,5,,"ORF1a:N2228T,ORF1a:L3606F,ORF1b:A2513V,S:H655Y",,,"2,29740-29811,29813-29824,29826-29841,29843,29845-29853,29855-29856,29858-29865,29867",,,89685,0,29903,3000,0,good,122,10,0,good,0,24,3,12.5,good,11,,0,good,0,,0,,0,0,good,,0,0,good,
Vehicle,1,3,Mouse 3,Swab,1,10.12.21,5689,33.73,Sample_5689,19A,B,1.5625,good,6,0,0,0,4,0,0,120,0,0,"A6948C,G11083T,C21005T,C23525T,C25452T,C28253T",,,,"C23525T|21K&21L&20J&22C&22B&22A&21M,C28253T|20H&21G","A6948C,C21005T,C25452T",0,2,3,5,,"ORF1a:N2228T,ORF1a:L3606F,ORF1b:A2513V,S:H655Y",,,"2-4,29740-29747,29749-29761,29763-29793,29795-29811,29813-29818,29820-29822,29824-29841,29843-29852,29854-29863,29866",,,89685,0,29903,3000,0,good,120,10,0,good,0,24,3,12.5,good,11,,0,good,0,,0,,0,0,good,,0,0,good,
Vehicle,1,4,Mouse 4,Swab,1,10.12.21,5690,24.22,Sample_5690,19A,B,1.5625,good,6,0,0,0,4,0,0,161,0,0,"A6948C,G11083T,C21005T,C23525T,C25452T,C28253T",,,,"C23525T|21K&21L&20J&22C&22B&22A&21M,C28253T|20H&21G","A6948C,C21005T,C25452T",0,2,3,5,,"ORF1a:N2228T,ORF1a:L3606F,ORF1b:A2513V,S:H655Y",,,"2-29,29734-29738,29740-29867",,,89685,0,29903,3000,0,good,161,10,0,good,0,24,3,12.5,good,11,,0,good,0,,0,,0,0,good,,0,0,good,
Cyclophosphamide only,2,1,Mouse 1,Swab,1,10.12.21,5691,31.41,Sample_5691,19A,B,1.5625,good,6,0,0,0,4,0,0,154,0,0,"A6948C,G11083T,C21005T,C23525T,C25452T,C28253T",,,,"C23525T|21K&21L&20J&22C&22B&22A&21M,C28253T|20H&21G","A6948C,C21005T,C25452T",0,2,3,5,,"ORF1a:N2228T,ORF1a:L3606F,ORF1b:A2513V,S:H655Y",,,"2-29,29740-29808,29810-29822,29824-29867",,,89685,0,29903,3000,0,good,154,10,0,good,0,24,3,12.5,good,11,,0,good,0,,0,,0,0,good,,0,0,good,
Cyclophosphamide only,2,2,Mouse 2,Swab,1,10.12.21,5692,24.58,Sample_5692,19A,B,0,good,5,0,0,0,3,0,0,155,0,0,"A6948C,G11083T,C21005T,C25452T,C28253T",,,,C28253T|20H&21G,"A6948C,C21005T,C25452T",0,1,3,4,,"ORF1a:N2228T,ORF1a:L3606F,ORF1b:A2513V",,,"2-29,29740-29866",,,89689,0,29903,3000,0,good,155,10,0,good,0,24,-1,0,good,7,,0,good,0,,0,,0,0,good,,0,0,good,
Cyclophosphamide only,2,3,Mouse 3,Swab,1,10.12.21,5693,28.8,Sample_5693,19A,B,1.5625,good,6,0,0,0,4,0,0,125,0,0,"A6948C,G11083T,C21005T,C23525T,C25452T,C28253T",,,,"C23525T|21K&21L&20J&22C&22B&22A&21M,C28253T|20H&21G","A6948C,C21005T,C25452T",0,2,3,5,,"ORF1a:N2228T,ORF1a:L3606F,ORF1b:A2513V,S:H655Y",,,"2,29740-29808,29810-29823,29825-29864,29866",,,89685,0,29903,3000,0,good,125,10,0,good,0,24,3,12.5,good,11,,0,good,0,,0,,0,0,good,,0,0,good,
Cyclophosphamide only,2,4,Mouse 4,Swab,1,10.12.21,5694,34.02,Sample_5694,19A,B,1.5625,good,6,0,0,0,4,0,0,119,0,0,"A6948C,G11083T,C21005T,C23525T,C25452T,C28253T",,,,"C23525T|21K&21L&20J&22C&22B&22A&21M,C28253T|20H&21G","A6948C,C21005T,C25452T",0,2,3,5,,"ORF1a:N2228T,ORF1a:L3606F,ORF1b:A2513V,S:H655Y",,,"2,29740-29746,29749-29759,29761-29766,29768-29776,29778-29810,29812,29814-29823,29825-29843,29845-29853,29855-29867",,,89685,0,29903,3000,0,good,119,10,0,good,0,24,3,12.5,good,11,,0,good,0,,0,,0,0,good,,0,0,good,
Molnupiravir,3,1,Mouse 1,Swab,1,10.12.21,5695,27.41,Sample_5695,19A,B,1.5625,good,6,0,0,0,4,0,0,161,0,0,"A6948C,G11083T,C21005T,C23525T,C25452T,C28253T",,,,"C23525T|21K&21L&20J&22C&22B&22A&21M,C28253T|20H&21G","A6948C,C21005T,C25452T",0,2,3,5,,"ORF1a:N2228T,ORF1a:L3606F,ORF1b:A2513V,S:H655Y",,,"2-29,29734-29738,29740-29867",,,89685,0,29903,3000,0,good,161,10,0,good,0,24,3,12.5,good,11,,0,good,0,,0,,0,0,good,,0,0,good,
Molnupiravir,3,2,Mouse 2,Swab,1,10.12.21,5696,27.6,Sample_5696,19A,B,1.5625,good,6,0,0,0,4,0,0,157,0,0,"A6948C,G11083T,C21005T,C23525T,C25452T,C28253T",,,,"C23525T|21K&21L&20J&22C&22B&22A&21M,C28253T|20H&21G","A6948C,C21005T,C25452T",0,2,3,5,,"ORF1a:N2228T,ORF1a:L3606F,ORF1b:A2513V,S:H655Y",,,"2-29,29734-29738,29740-29810,29812-29822,29824-29864,29866",,,89685,0,29903,3000,0,good,157,10,0,good,0,24,3,12.5,good,11,,0,good,0,,0,,0,0,good,,0,0,good,
Molnupiravir,3,3,Mouse 3,Swab,1,10.12.21,5697,22.59,Sample_5697,19A,B,0,good,5,0,0,0,3,0,0,160,0,0,"A6948C,G11083T,C21005T,C25452T,C28253T",,,,C28253T|20H&21G,"A6948C,C21005T,C25452T",0,1,3,4,,"ORF1a:N2228T,ORF1a:L3606F,ORF1b:A2513V",,,"2-29,29734-29738,29740-29864,29866-29867",,,89689,0,29903,3000,0,good,160,10,0,good,0,24,-1,0,good,7,,0,good,0,,0,,0,0,good,,0,0,good,
Molnupiravir,3,4,Mouse 4,Swab,1,10.12.21,5698,27.88,Sample_5698,19A,B,1.5625,good,6,0,0,0,4,0,0,136,0,0,"A6948C,G11083T,C21005T,C23525T,C25452T,C28253T",,,,"C23525T|21K&21L&20J&22C&22B&22A&21M,C28253T|20H&21G","A6948C,C21005T,C25452T",0,2,3,5,,"ORF1a:N2228T,ORF1a:L3606F,ORF1b:A2513V,S:H655Y",,,"2-9,29734-29738,29740-29745,29747-29804,29806-29819,29821-29843,29845-29864,29866-29867",,,89685,0,29903,3000,0,good,136,10,0,good,0,24,3,12.5,good,11,,0,good,0,,0,,0,0,good,,0,0,good,
Cyclophosphamide and Molnupiravir,4,1,Mouse 1,Swab,1,10.12.21,5699,33.74,Sample_5699,19A,B,1.562843,good,6,0,0,0,4,0,0,305,0,0,"A6948C,G11083T,C21005T,C23525T,C25452T,C28253T",,,,"C23525T|21K&21L&20J&22C&22B&22A&21M,C28253T|20H&21G","A6948C,C21005T,C25452T",0,2,3,5,,"ORF1a:N2228T,ORF1a:L3606F,ORF1b:A2513V,S:H655Y",,,"2-29,25496-25534,25536-25544,25546-25548,25550-25586,25588-25642,29734-29867",,,89685,0,29903,3000,0.185185,good,305,10,0,good,0,24,3,12.5,good,11,,0,good,0,,0,,0,0,good,,0,0,good,
Cyclophosphamide and Molnupiravir,4,2,Mouse 2,Swab,1,10.12.21,5700,26.51,Sample_5700,19A,B,1.5625,good,6,0,0,0,4,0,0,163,0,0,"A6948C,G11083T,C21005T,C23525T,C25452T,C28253T",,,,"C23525T|21K&21L&20J&22C&22B&22A&21M,C28253T|20H&21G","A6948C,C21005T,C25452T",0,2,3,5,,"ORF1a:N2228T,ORF1a:L3606F,ORF1b:A2513V,S:H655Y",,,"2-30,29734-29867",,,89685,0,29903,3000,0,good,163,10,0,good,0,24,3,12.5,good,11,,0,good,0,,0,,0,0,good,,0,0,good,
Cyclophosphamide and Molnupiravir,4,3,Mouse 3,Swab,1,10.12.21,5701,30.35,Sample_5701,19A,B,8.506944,good,7,0,0,0,5,0,0,161,0,0,"A6948C,G11083T,C21005T,C23525T,C25452T,C25517T,C28253T",,,,"C23525T|21K&21L&20J&22C&22B&22A&21M,C25517T|21F,C28253T|20H&21G","A6948C,C21005T,C25452T",0,3,3,6,,"ORF1a:N2228T,ORF1a:L3606F,ORF1b:A2513V,ORF3a:P42L,S:H655Y",,,"2-29,29734-29738,29740-29862,29864-29868",,,89681,0,29903,3000,0,good,161,10,0,good,0,24,7,29.166667,good,15,,0,good,0,,0,,0,0,good,,0,0,good,
Cyclophosphamide and Molnupiravir,4,4,Mouse 4,Swab,1,10.12.21,5702,28.54,Sample_5702,19A,B,1.5625,good,6,0,0,0,4,0,0,159,0,0,"A6948C,G11083T,C21005T,C23525T,C25452T,C28253T",,,,"C23525T|21K&21L&20J&22C&22B&22A&21M,C28253T|20H&21G","A6948C,C21005T,C25452T",0,2,3,5,,"ORF1a:N2228T,ORF1a:L3606F,ORF1b:A2513V,S:H655Y",,,"2-29,29734-29738,29740-29864,29866",,,89685,0,29903,3000,0,good,159,10,0,good,0,24,3,12.5,good,11,,0,good,0,,0,,0,0,good,,0,0,good,
Cyclophosphamide and Pfizer,5,3,Mouse 3,Swab,1,10.12.21,5705,27.06,Sample_5705,19A,B,4.474722,good,8,0,0,0,5,0,0,399,0,1,"A6948C,G11083T,C21005T,C23525T,C25452T,T26368C,T27164C,C28253T",,,,"C23525T|21K&21L&20J&22C&22B&22A&21M,C28253T|20H&21G","A6948C,C21005T,C25452T,T26368C,T27164C",0,2,5,7,,"E:Y42H,ORF1a:N2228T,ORF1a:L3606F,ORF1b:A2513V,S:H655Y",,,"2-30,25487-25488,25490-25534,25536-25544,25546-25642,26567-26572,26574-26577,26579-26601,26603-26651,29734-29868",,Charit√©_E_R:T26368C,89677,0,29903,3000,3.666667,good,399,10,0,good,0,24,5,20.833333,good,13,,0,good,0,,0,,0,0,good,,0,0,good,
"Cyclophosphamide, Pfizer and Molnupiravir",6,1,Mouse 1,Swab,1,10.12.21,5707,29.83,Sample_5707,19A,B,1.594105,good,6,0,0,0,4,0,0,348,0,0,"A6948C,G11083T,C21005T,C23525T,C25452T,C28253T",,,,"C23525T|21K&21L&20J&22C&22B&22A&21M,C28253T|20H&21G","A6948C,C21005T,C25452T",0,2,3,5,,"ORF1a:N2228T,ORF1a:L3606F,ORF1b:A2513V,S:H655Y",,,"2-30,25471-25481,25483-25642,27372-27384,29734-29868",,,89685,0,29903,3000,1.777778,good,348,10,0,good,0,24,3,12.5,good,11,,0,good,0,,0,,0,0,good,,0,0,good,
Vehicle,1,1,Mouse 1,Swab,3,12.12.21,5711,29.33,Sample_5711,19A,B,1.5625,good,6,0,0,0,4,0,0,114,0,0,"A6948C,G11083T,C21005T,C23525T,C25452T,C28253T",,,,"C23525T|21K&21L&20J&22C&22B&22A&21M,C28253T|20H&21G","A6948C,C21005T,C25452T",0,2,3,5,,"ORF1a:N2228T,ORF1a:L3606F,ORF1b:A2513V,S:H655Y",,,"2,29740-29753,29755-29761,29763,29765-29772,29774-29792,29795-29805,29808-29817,29820-29829,29831-29842,29844-29864",,,89685,0,29903,3000,0,good,114,10,0,good,0,24,3,12.5,good,11,,0,good,0,,0,,0,0,good,,0,0,good,
Vehicle,1,2,Mouse 2,Swab,3,12.12.21,5712,28.03,Sample_5712,19A,B,1.5625,good,6,0,0,0,4,0,0,123,0,0,"A6948C,G11083T,C21005T,C23525T,C25452T,C28253T",,,,"C23525T|21K&21L&20J&22C&22B&22A&21M,C28253T|20H&21G","A6948C,C21005T,C25452T",0,2,3,5,,"ORF1a:N2228T,ORF1a:L3606F,ORF1b:A2513V,S:H655Y",,,"2,29740-29806,29808-29810,29812,29814-29817,29819-29822,29824-29825,29827-29867",,,89685,0,29903,3000,0,good,123,10,0,good,0,24,3,12.5,good,11,,0,good,0,,0,,0,0,good,,0,0,good,
Vehicle,1,3,Mouse 3,Swab,3,12.12.21,5713,32.7,Sample_5713,19A,B,1.5625,good,6,0,0,0,4,0,0,128,0,0,"A6948C,G11083T,C21005T,C23525T,C25452T,C28253T",,,,"C23525T|21K&21L&20J&22C&22B&22A&21M,C28253T|20H&21G","A6948C,C21005T,C25452T",0,2,3,5,,"ORF1a:N2228T,ORF1a:L3606F,ORF1b:A2513V,S:H655Y",,,"2,4,29740-29766,29768-29864,29866-29867",,,89685,0,29903,3000,0,good,128,10,0,good,0,24,3,12.5,good,11,,0,good,0,,0,,0,0,good,,0,0,good,
Vehicle,1,4,Mouse 4,Swab,3,12.12.21,5714,36.17,Sample_5714,19A,B,1.5625,good,6,0,0,0,4,0,0,80,0,0,"A6948C,G11083T,C21005T,C23525T,C25452T,C28253T",,,,"C23525T|21K&21L&20J&22C&22B&22A&21M,C28253T|20H&21G","A6948C,C21005T,C25452T",0,2,3,5,,"ORF1a:N2228T,ORF1a:L3606F,ORF1b:A2513V,S:H655Y",,,"2,29786-29810,29812-29823,29825-29864,29866-29867",,,89685,0,29903,3000,0,good,80,10,0,good,0,24,3,12.5,good,11,,0,good,0,,0,,0,0,good,,0,0,good,
Cyclophosphamide only,2,1,Mouse 1,Swab,3,12.12.21,5715,24.09,Sample_5715,19A,B,1.5625,good,6,0,0,0,4,0,0,128,0,0,"A6948C,G11083T,C21005T,C23525T,C25452T,C28253T",,,,"C23525T|21K&21L&20J&22C&22B&22A&21M,C28253T|20H&21G","A6948C,C21005T,C25452T",0,2,3,5,,"ORF1a:N2228T,ORF1a:L3606F,ORF1b:A2513V,S:H655Y",,,29740-29867,,,89685,0,29903,3000,0,good,128,10,0,good,0,24,3,12.5,good,11,,0,good,0,,0,,0,0,good,,0,0,good,
Cyclophosphamide only,2,2,Mouse 2,Swab,3,12.12.21,5716,31.28,Sample_5716,19A,B,1.5625,good,6,0,0,0,4,0,0,111,0,0,"A6948C,G11083T,C21005T,C23525T,C25452T,C28253T",,,,"C23525T|21K&21L&20J&22C&22B&22A&21M,C28253T|20H&21G","A6948C,C21005T,C25452T",0,2,3,5,,"ORF1a:N2228T,ORF1a:L3606F,ORF1b:A2513V,S:H655Y",,,"29751,29753-29759,29761-29772,29774-29794,29796-29864,29866",,,89685,0,29903,3000,0,good,111,10,0,good,0,24,3,12.5,good,11,,0,good,0,,0,,0,0,good,,0,0,good,
Cyclophosphamide only,2,3,Mouse 3,Swab,3,12.12.21,5717,26.07,Sample_5717,19A,B,0,good,5,0,0,0,3,0,0,125,0,0,"A6948C,G11083T,C21005T,C25452T,C28253T",,,,C28253T|20H&21G,"A6948C,C21005T,C25452T",0,1,3,4,,"ORF1a:N2228T,ORF1a:L3606F,ORF1b:A2513V",,,"3,29740-29763,29765-29790,29792-29864,29866",,,89689,0,29903,3000,0,good,125,10,0,good,0,24,-1,0,good,7,,0,good,0,,0,,0,0,good,,0,0,good,
Cyclophosphamide only,2,4,Mouse 4,Swab,3,12.12.21,5718,31.45,Sample_5718,19A,B,1.5625,good,6,0,0,0,4,0,0,123,0,0,"A6948C,G11083T,C21005T,C23525T,C25452T,C28253T",,,,"C23525T|21K&21L&20J&22C&22B&22A&21M,C28253T|20H&21G","A6948C,C21005T,C25452T",0,2,3,5,,"ORF1a:N2228T,ORF1a:L3606F,ORF1b:A2513V,S:H655Y",,,"29740-29749,29752-29754,29756-29864,29867",,,89685,0,29903,3000,0,good,123,10,0,good,0,24,3,12.5,good,11,,0,good,0,,0,,0,0,good,,0,0,good,
Molnupiravir,3,1,Mouse 1,Swab,3,12.12.21,5719,34.01,Sample_5719,19A,B,1.5625,good,6,0,0,0,4,0,0,147,0,0,"A6948C,G11083T,C21005T,C23525T,C25452T,C28253T",,,,"C23525T|21K&21L&20J&22C&22B&22A&21M,C28253T|20H&21G","A6948C,C21005T,C25452T",0,2,3,5,,"ORF1a:N2228T,ORF1a:L3606F,ORF1b:A2513V,S:H655Y",,,"2-16,29734-29738,29740-29866",,,89685,0,29903,3000,0,good,147,10,0,good,0,24,3,12.5,good,11,,0,good,0,,0,,0,0,good,,0,0,good,
Molnupiravir,3,2,Mouse 2,Swab,3,12.12.21,5720,25.59,Sample_5720,19A,B,1.5625,good,6,0,0,0,4,0,0,132,0,0,"A6948C,G11083T,C21005T,C23525T,C25452T,C28253T",,,,"C23525T|21K&21L&20J&22C&22B&22A&21M,C28253T|20H&21G","A6948C,C21005T,C25452T",0,2,3,5,,"ORF1a:N2228T,ORF1a:L3606F,ORF1b:A2513V,S:H655Y",,,"29734-29738,29740-29864,29866-29867",,,89685,0,29903,3000,0,good,132,10,0,good,0,24,3,12.5,good,11,,0,good,0,,0,,0,0,good,,0,0,good,
Molnupiravir,3,3,Mouse 3,Swab,3,12.12.21,5721,28.31,Sample_5721,19A,B,1.5625,good,6,0,0,0,4,0,0,142,0,0,"A6948C,G11083T,C21005T,C23525T,C25452T,C28253T",,,,"C23525T|21K&21L&20J&22C&22B&22A&21M,C28253T|20H&21G","A6948C,C21005T,C25452T",0,2,3,5,,"ORF1a:N2228T,ORF1a:L3606F,ORF1b:A2513V,S:H655Y",,,"2-9,11-12,29734-29738,29740-29864,29866-29867",,,89685,0,29903,3000,0,good,142,10,0,good,0,24,3,12.5,good,11,,0,good,0,,0,,0,0,good,,0,0,good,
Molnupiravir,3,4,Mouse 4,Swab,3,12.12.21,5722,23.11,Sample_5722,19A,B,1.5625,good,6,0,0,0,4,0,0,137,0,0,"A6948C,G11083T,C21005T,C23525T,C25452T,C28253T",,,,"C23525T|21K&21L&20J&22C&22B&22A&21M,C28253T|20H&21G","A6948C,C21005T,C25452T",0,2,3,5,,"ORF1a:N2228T,ORF1a:L3606F,ORF1b:A2513V,S:H655Y",,,"2-3,5-8,29734-29738,29740-29864,29866",,,89685,0,29903,3000,0,good,137,10,0,good,0,24,3,12.5,good,11,,0,good,0,,0,,0,0,good,,0,0,good,
Cyclophosphamide and Molnupiravir,4,1,Mouse 1,Swab,3,12.12.21,5723,29.45,Sample_5723,19A,B,0,good,5,0,0,0,3,0,0,127,0,0,"A6948C,G11083T,C21005T,C25452T,C28253T",,,,C28253T|20H&21G,"A6948C,C21005T,C25452T",0,1,3,4,,"ORF1a:N2228T,ORF1a:L3606F,ORF1b:A2513V",,,"2-3,29740-29813,29815-29823,29825-29864,29866,29868",,,89689,0,29903,3000,0,good,127,10,0,good,0,24,-1,0,good,7,,0,good,0,,0,,0,0,good,,0,0,good,
Cyclophosphamide and Molnupiravir,4,2,Mouse 2,Swab,3,12.12.21,5724,33.95,Sample_5724,19A,B,1.5625,good,6,0,0,0,4,0,0,135,0,0,"A6948C,G11083T,C21005T,C23525T,C25452T,C28253T",,,,"C23525T|21K&21L&20J&22C&22B&22A&21M,C28253T|20H&21G","A6948C,C21005T,C25452T",0,2,3,5,,"ORF1a:N2228T,ORF1a:L3606F,ORF1b:A2513V,S:H655Y",,,"2-8,29740-29864,29866-29868",,,89685,0,29903,3000,0,good,135,10,0,good,0,24,3,12.5,good,11,,0,good,0,,0,,0,0,good,,0,0,good,
Cyclophosphamide and Molnupiravir,4,3,Mouse 3,Swab,3,12.12.21,5725,25.71,Sample_5725,19A,B,1.5625,good,6,0,0,0,4,0,0,132,0,0,"A6948C,G11083T,C21005T,C23525T,C25452T,C28253T",,,,"C23525T|21K&21L&20J&22C&22B&22A&21M,C28253T|20H&21G","A6948C,C21005T,C25452T",0,2,3,5,,"ORF1a:N2228T,ORF1a:L3606F,ORF1b:A2513V,S:H655Y",,,"2-3,29734-29738,29740-29811,29813-29823,29825-29864,29866-29867",,,89685,0,29903,3000,0,good,132,10,0,good,0,24,3,12.5,good,11,,0,good,0,,0,,0,0,good,,0,0,good,
Cyclophosphamide and Molnupiravir,4,4,Mouse 4,Swab,3,12.12.21,5726,31.81,Sample_5726,19A,B,0,good,5,0,0,0,3,0,0,152,0,0,"A6948C,G11083T,C21005T,C25452T,C28253T",,,,C28253T|20H&21G,"A6948C,C21005T,C25452T",0,1,3,4,,"ORF1a:N2228T,ORF1a:L3606F,ORF1b:A2513V",,,"2,4-25,29734-29738,29740-29810,29812-29823,29825-29864,29866",,,89689,0,29903,3000,0,good,152,10,0,good,0,24,-1,0,good,7,,0,good,0,,0,,0,0,good,,0,0,good,
Cyclophosphamide and Pfizer,5,2,Mouse 2,Swab,3,12.12.21,5728,33.13,Sample_5728,19A,B,1.650291,good,6,0,0,0,4,0,0,380,0,0,"A6948C,G11083T,C21005T,C23525T,C25452T,C28253T",,,,"C23525T|21K&21L&20J&22C&22B&22A&21M,C28253T|20H&21G","A6948C,C21005T,C25452T",0,2,3,5,,"ORF1a:N2228T,ORF1a:L3606F,ORF1b:A2513V,S:H655Y",,,"2-25,27-29,5948-5978,5982-6029,25497-25534,25536-25544,25546-25626,25628-25642,29734-29811,29813-29823,29825-29866",,,89685,0,29903,3000,2.962963,good,380,10,0,good,0,24,3,12.5,good,11,,0,good,0,,0,,0,0,good,,0,0,good,
Cyclophosphamide and Pfizer,5,4,Mouse 4,Swab,3,12.12.21,5730,33.18,Sample_5730,19A,B,1.5625,good,6,0,0,0,4,0,0,298,0,0,"A6948C,G11083T,C21005T,C23525T,C25452T,C28253T",,,,"C23525T|21K&21L&20J&22C&22B&22A&21M,C28253T|20H&21G","A6948C,C21005T,C25452T",0,2,3,5,,"ORF1a:N2228T,ORF1a:L3606F,ORF1b:A2513V,S:H655Y",,,"2-29,25498-25549,25551-25560,25562-25588,25590-25631,25633,25635-25642,29734-29811,29813,29815-29822,29824-29825,29827-29867",,,89685,0,29903,3000,0,good,298,10,0,good,0,24,3,12.5,good,11,,0,good,0,,0,,0,0,good,,0,0,good,
"Cyclophosphamide, Pfizer and Molnupiravir",6,1,Mouse 1,Swab,3,12.12.21,5731,34.17,Sample_5731,19A,B,1.563172,good,6,0,0,0,4,0,0,307,0,0,"A6948C,G11083T,C21005T,C23525T,C25452T,C28253T",,,,"C23525T|21K&21L&20J&22C&22B&22A&21M,C28253T|20H&21G","A6948C,C21005T,C25452T",0,2,3,5,,"ORF1a:N2228T,ORF1a:L3606F,ORF1b:A2513V,S:H655Y",,,"2-29,25496-25534,25536-25544,25546-25622,25624-25642,29734-29868",,,89685,0,29903,3000,0.259259,good,307,10,0,good,0,24,3,12.5,good,11,,0,good,0,,0,,0,0,good,,0,0,good,
"Cyclophosphamide, Pfizer and Molnupiravir",6,3,Mouse 3,Swab,3,12.12.21,5733,33.59,Sample_5733,19A,B,0.733337,good,7,0,0,0,4,0,0,502,0,0,"A6948C,G11083T,C21005T,G22205C,C25452T,T27319C,C28253T",,,,C28253T|20H&21G,"A6948C,C21005T,G22205C,C25452T,T27319C",0,1,5,6,,"ORF1a:N2228T,ORF1a:L3606F,ORF1b:A2513V,S:D215H",,,"2-29,22225-22280,22282-22289,22291-22365,25496-25534,25536-25544,25546-25548,25550-25586,25588-25642,26567-26577,26604-26635,26637-26651,29734-29738,29740-29868",,,89681,0,29903,3000,7.481481,good,502,10,0,good,0,24,1,4.166667,good,9,,0,good,0,,0,,0,0,good,,0,0,good,
Vehicle,1,1,Mouse 1,Swab,5,14.12.21,5735,25.35,Sample_5735,19A,B,0,good,4,0,0,0,3,0,0,132,0,0,"A6948C,G11083T,C21005T,C28253T",,,,C28253T|20H&21G,"A6948C,C21005T",0,1,2,3,,"ORF1a:N2228T,ORF1a:L3606F,ORF1b:A2513V",,,"2-4,29734-29738,29740-29841,29843-29853,29855-29864,29866",,,89693,0,29903,3000,0,good,132,10,0,good,0,24,-2,0,good,6,,0,good,0,,0,,0,0,good,,0,0,good,
Vehicle,1,2,Mouse 2,Swab,5,14.12.21,5736,24.48,Sample_5736,19A,B,0,good,6,0,0,0,2,0,0,127,0,0,"G11083T,C11152T,G22205C,C24023T,A28145G,C28253T",,,,C28253T|20H&21G,"C11152T,G22205C,C24023T,A28145G",0,1,4,5,,"ORF1a:L3606F,S:D215H",,,"4,29740-29816,29818-29826,29828-29867",,,89685,0,29903,3000,0,good,127,10,0,good,0,24,0,0,good,8,,0,good,0,,0,,0,0,good,,0,0,good,
Vehicle,1,3,Mouse 3,Swab,5,14.12.21,5737,24.29,Sample_5737,19A,B,1.5625,good,6,0,0,0,4,0,0,134,0,0,"A6948C,G11083T,C21005T,C23525T,C25452T,C28253T",,,,"C23525T|21K&21L&20J&22C&22B&22A&21M,C28253T|20H&21G","A6948C,C21005T,C25452T",0,2,3,5,,"ORF1a:N2228T,ORF1a:L3606F,ORF1b:A2513V,S:H655Y",,,"2,29734-29738,29740-29867",,,89685,0,29903,3000,0,good,134,10,0,good,0,24,3,12.5,good,11,,0,good,0,,0,,0,0,good,,0,0,good,
Vehicle,1,4,Mouse 4,Swab,5,14.12.21,5738,27.16,Sample_5738,19A,B,1.5625,good,6,0,0,0,4,0,0,129,0,0,"A6948C,G11083T,C21005T,C23525T,C25452T,C28253T",,,,"C23525T|21K&21L&20J&22C&22B&22A&21M,C28253T|20H&21G","A6948C,C21005T,C25452T",0,2,3,5,,"ORF1a:N2228T,ORF1a:L3606F,ORF1b:A2513V,S:H655Y",,,"2,4,29740-29864,29866-29867",,,89685,0,29903,3000,0,good,129,10,0,good,0,24,3,12.5,good,11,,0,good,0,,0,,0,0,good,,0,0,good,
Cyclophosphamide only,2,1,Mouse 1,Swab,5,14.12.21,5739,31.37,Sample_5739,19A,B,2.777778,good,7,0,0,0,4,0,0,129,0,0,"A6948C,A9058G,G11083T,C21005T,C23525T,C25452T,C28253T",,,,"C23525T|21K&21L&20J&22C&22B&22A&21M,C28253T|20H&21G","A6948C,A9058G,C21005T,C25452T",0,2,4,6,,"ORF1a:N2228T,ORF1a:L3606F,ORF1b:A2513V,S:H655Y",,,"2-30,29768-29867",,,89681,0,29903,3000,0,good,129,10,0,good,0,24,4,16.666667,good,12,,0,good,0,,0,,0,0,good,,0,0,good,
Cyclophosphamide only,2,2,Mouse 2,Swab,5,14.12.21,5740,29.16,Sample_5740,19A,B,1.5625,good,6,0,0,0,4,0,0,148,0,0,"A6948C,G11083T,C21005T,C23525T,C25452T,C28253T",,,,"C23525T|21K&21L&20J&22C&22B&22A&21M,C28253T|20H&21G","A6948C,C21005T,C25452T",0,2,3,5,,"ORF1a:N2228T,ORF1a:L3606F,ORF1b:A2513V,S:H655Y",,,"2-17,29734-29738,29740-29864,29866-29867",,,89685,0,29903,3000,0,good,148,10,0,good,0,24,3,12.5,good,11,,0,good,0,,0,,0,0,good,,0,0,good,
Cyclophosphamide only,2,3,Mouse 3,Swab,4,14.12.21,5741,32.65,Sample_5741,19A,B,21.006944,good,8,0,0,0,6,0,0,99,0,0,"A6948C,G11083T,C21005T,C23525T,C23664T,C25452T,G25563T,C28253T",,,,"C23525T|21K&21L&20J&22C&22B&22A&21M,C23664T|21K&20H&21F,G25563T|20G&20C&20A&21C&21F&20H&21H,C28253T|20H&21G","A6948C,C21005T,C25452T",0,4,3,7,,"ORF1a:N2228T,ORF1a:L3606F,ORF1b:A2513V,ORF3a:Q57H,S:H655Y,S:A701V",,,"2-8,10-29,29795-29797,29799-29866,29868",,,89677,0,29903,3000,0,good,99,10,0,good,0,24,11,45.833333,mediocre,19,,0,good,0,,0,,0,0,good,,0,0,good,
Molnupiravir,3,2,Mouse 2,Swab,5,14.12.21,5744,31.72,Sample_5744,19A,B,0,good,5,0,0,0,3,0,0,135,0,0,"A6948C,G11083T,C21005T,C25452T,C28253T",,,,C28253T|20H&21G,"A6948C,C21005T,C25452T",0,1,3,4,,"ORF1a:N2228T,ORF1a:L3606F,ORF1b:A2513V",,,"2-3,5,29734-29738,29740-29864,29866-29867",,,89689,0,29903,3000,0,good,135,10,0,good,0,24,-1,0,good,7,,0,good,0,,0,,0,0,good,,0,0,good,
Cyclophosphamide and Molnupiravir,4,1,Mouse 1,Swab,5,14.12.21,5745,31.46,Sample_5745,19A,B,0,good,6,0,0,0,4,0,0,160,0,0,"A6948C,G8006A,G11083T,C21005T,C25452T,C28253T",,,,C28253T|20H&21G,"A6948C,G8006A,C21005T,C25452T",0,1,4,5,,"ORF1a:N2228T,ORF1a:G2581S,ORF1a:L3606F,ORF1b:A2513V",,,"2-28,29734-29738,29740-29867",,,89685,0,29903,3000,0,good,160,10,0,good,0,24,0,0,good,8,,0,good,0,,0,,0,0,good,,0,0,good,
Cyclophosphamide and Molnupiravir,4,2,Mouse 2,Swab,5,14.12.21,5746,32.83,Sample_5746,19A,B,1.680384,good,5,0,0,0,3,0,0,650,0,0,"A6948C,G11083T,C21005T,C25452T,C28253T",,,,C28253T|20H&21G,"A6948C,C21005T,C25452T",0,1,3,4,,"ORF1a:N2228T,ORF1a:L3606F,ORF1b:A2513V",,,"2-30,5948-5977,5982-6025,22616-22710,22712-22718,22720-22788,22790-22792,22794-22804,25496,25498-25534,25536-25544,25546-25565,25567-25576,25578-25642,27351-27378,27380-27415,27417-27421,27423-27439,29734-29738,29740-29868",,,89689,0,29903,3000,12.962963,good,650,10,0,good,0,24,-1,0,good,7,,0,good,0,,0,,0,0,good,,0,0,good,
Cyclophosphamide and Molnupiravir,4,4,Mouse 4,Swab,5,14.12.21,5748,31.63,Sample_5748,19A,B,0,good,5,0,0,0,3,0,0,208,0,0,"T844A,A6948C,G11083T,C21005T,C28253T",,,,C28253T|20H&21G,"T844A,A6948C,C21005T",0,1,3,4,,"ORF1a:N2228T,ORF1a:L3606F,ORF1b:A2513V",,,"2-7,9-10,5948-5978,5982-6041,29760-29868",,,89689,0,29903,3000,0,good,208,10,0,good,0,24,-1,0,good,7,,0,good,0,,0,,0,0,good,,0,0,good,
Cyclophosphamide and Pfizer,5,2,Mouse 2,Swab,5,14.12.21,5749,33.45,Sample_5749,19A,B,1.5625,good,6,0,0,0,4,0,0,162,0,0,"A6948C,G11083T,C21005T,C23525T,C25452T,C28253T",,,,"C23525T|21K&21L&20J&22C&22B&22A&21M,C28253T|20H&21G","A6948C,C21005T,C25452T",0,2,3,5,,"ORF1a:N2228T,ORF1a:L3606F,ORF1b:A2513V,S:H655Y",,,"2-29,29734-29738,29740-29868",,,89685,0,29903,3000,0,good,162,10,0,good,0,24,3,12.5,good,11,,0,good,0,,0,,0,0,good,,0,0,good,
Vehicle,1,1,Mouse 1,Lung Tissue,6,15.12.21,5756,15.2,Sample_5756,19A,B,1.5625,good,6,0,0,0,4,0,0,64,0,0,"A6948C,G11083T,C21005T,C23525T,C25452T,C28253T",,,,"C23525T|21K&21L&20J&22C&22B&22A&21M,C28253T|20H&21G","A6948C,C21005T,C25452T",0,2,3,5,,"ORF1a:N2228T,ORF1a:L3606F,ORF1b:A2513V,S:H655Y",,,"29793-29808,29810-29812,29814-29818,29820-29824,29826-29829,29831,29834-29839,29841-29843,29845-29863,29866-29867",,,89685,0,29903,3000,0,good,64,10,0,good,0,24,3,12.5,good,11,,0,good,0,,0,,0,0,good,,0,0,good,
Vehicle,1,2,Mouse 2,Nasal Tissue,6,15.12.21,5757,15.31,Sample_5757,19A,B,1.562994,good,6,0,0,0,4,0,0,306,0,0,"A6948C,G11083T,C21005T,C23525T,C25452T,C28253T",,,,"C23525T|21K&21L&20J&22C&22B&22A&21M,C28253T|20H&21G","A6948C,C21005T,C25452T",0,2,3,5,,"ORF1a:N2228T,ORF1a:L3606F,ORF1b:A2513V,S:H655Y",,,"5950-5978,5983-6002,6004,20159-20178,20180-20181,20183-20188,20190-20208,20211-20212,20215-20220,20222-20223,20225-20229,20491-20518,20522-20524,20528-20529,20531-20566,20568-20591,29752-29760,29765-29773,29775-29790,29794-29806,29808-29811,29813-29816,29818,29820-29838,29840-29845,29847-29850,29852-29867",,,89685,0,29903,3000,0.222222,good,306,10,0,good,0,24,3,12.5,good,11,,0,good,0,,0,,0,0,good,,0,0,good,
Vehicle,1,2,Mouse 2,Lung Tissue,6,15.12.21,5758,14.48,Sample_5758,19A,B,1.5625,good,6,0,0,0,4,0,0,100,0,0,"A6948C,G11083T,C21005T,C23525T,C25452T,C28253T",,,,"C23525T|21K&21L&20J&22C&22B&22A&21M,C28253T|20H&21G","A6948C,C21005T,C25452T",0,2,3,5,,"ORF1a:N2228T,ORF1a:L3606F,ORF1b:A2513V,S:H655Y",,,"29752-29754,29756-29759,29761,29763-29765,29768-29773,29775-29776,29778-29792,29794-29812,29814,29817-29818,29820-29824,29826-29848,29850-29864,29867",,,89685,0,29903,3000,0,good,100,10,0,good,0,24,3,12.5,good,11,,0,good,0,,0,,0,0,good,,0,0,good,
Vehicle,1,3,Mouse 3,Nasal Tissue,6,15.12.21,5759,15.86,Sample_5759,19A,B,0,good,5,0,0,0,3,0,0,45,0,0,"A6948C,G11083T,C21005T,C25452T,C28253T",,,,C28253T|20H&21G,"A6948C,C21005T,C25452T",0,1,3,4,,"ORF1a:N2228T,ORF1a:L3606F,ORF1b:A2513V",,,"29794,29797-29805,29807-29812,29814,29816,29819-29824,29826-29827,29829-29832,29846-29847,29849,29853-29860,29863-29866",,,89689,0,29903,3000,0,good,45,10,0,good,0,24,-1,0,good,7,,0,good,0,,0,,0,0,good,,0,0,good,
Vehicle,1,3,Mouse 3,Lung Tissue,6,15.12.21,5760,15.39,Sample_5760,19A,B,0,good,5,0,0,0,3,0,0,173,0,0,"A6948C,G11083T,C21005T,C25452T,C28253T",,,,C28253T|20H&21G,"A6948C,C21005T,C25452T",0,1,3,4,,"ORF1a:N2228T,ORF1a:L3606F,ORF1b:A2513V",,,"20171-20185,20187-20202,20204-20209,20486-20505,20507-20520,20522-20524,20528-20532,20534-20582,20584-20585,29815-29817,29820-29821,29823-29824,29826-29834,29836-29843,29845-29847,29852-29867",,,89689,0,29903,3000,0,good,173,10,0,good,0,24,-1,0,good,7,,0,good,0,,0,,0,0,good,,0,0,good,
Vehicle,1,4,Mouse 4,Nasal Tissue,6,15.12.21,5761,13.34,Sample_5761,19A,B,0,good,5,0,0,0,3,0,0,68,0,0,"A6948C,G11083T,C21005T,C25452T,C28253T",,,,C28253T|20H&21G,"A6948C,C21005T,C25452T",0,1,3,4,,"ORF1a:N2228T,ORF1a:L3606F,ORF1b:A2513V",,,"29792,29794-29814,29816-29818,29820,29822-29841,29843-29851,29853-29864,29866",,,89689,0,29903,3000,0,good,68,10,0,good,0,24,-1,0,good,7,,0,good,0,,0,,0,0,good,,0,0,good,
Vehicle,1,4,Mouse 4,Lung Tissue,6,15.12.21,5762,15.19,Sample_5762,19A,B,1.5625,good,6,0,0,0,4,0,0,65,0,0,"A6948C,G11083T,C21005T,C23525T,C25452T,C28253T",,,,"C23525T|21K&21L&20J&22C&22B&22A&21M,C28253T|20H&21G","A6948C,C21005T,C25452T",0,2,3,5,,"ORF1a:N2228T,ORF1a:L3606F,ORF1b:A2513V,S:H655Y",,,"29792,29794-29796,29798-29812,29814-29816,29820,29822,29824-29830,29832-29846,29848-29860,29862-29867",,,89685,0,29903,3000,0,good,65,10,0,good,0,24,3,12.5,good,11,,0,good,0,,0,,0,0,good,,0,0,good,
Cyclophosphamide only,2,1,Mouse 1,Nasal Tissue,6,15.12.21,5763,15.32,Sample_5763,19A,B,1.5625,good,6,0,0,0,4,0,0,115,0,0,"A6948C,G11083T,C21005T,C23525T,C25452T,C28253T",,,,"C23525T|21K&21L&20J&22C&22B&22A&21M,C28253T|20H&21G","A6948C,C21005T,C25452T",0,2,3,5,,"ORF1a:N2228T,ORF1a:L3606F,ORF1b:A2513V,S:H655Y",,,"29741-29759,29762-29763,29765-29767,29769-29776,29778-29788,29790-29809,29811-29813,29815-29817,29819-29827,29829-29831,29834-29867",,,89685,0,29903,3000,0,good,115,10,0,good,0,24,3,12.5,good,11,,0,good,0,,0,,0,0,good,,0,0,good,
Cyclophosphamide only,2,1,Mouse 1,Lung Tissue,6,15.12.21,5764,16.21,Sample_5764,19A,B,2.385888,good,6,0,0,0,4,0,0,545,0,0,"A6948C,G11083T,C21005T,C23525T,C25452T,C28253T",,,,"C23525T|21K&21L&20J&22C&22B&22A&21M,C28253T|20H&21G","A6948C,C21005T,C25452T",0,2,3,5,,"ORF1a:N2228T,ORF1a:L3606F,ORF1b:A2513V,S:H655Y",,,"2417-2420,2426,2428-2431,5948,5951-6014,9581-9606,9608-9627,9631-9638,9650-9655,20159,20161,20163,20165-20173,20175-20177,20179-20203,20205-20212,20214-20216,20219-20226,20496-20520,20522-20524,20526,20528-20559,20561-20590,20592-20606,22459-22486,22488,22490,22492-22497,22499-22527,22529-22536,22538,22540-22551,22676-22679,22681,22683-22710,22720-22742,22744-22760,22762-22765,22767-22779,23941-23966,26593-26600,26602,26604-26606,29794,29796-29805,29807-29812,29814-29817,29819-29824,29861-29865",,,89685,0,29903,3000,9.074074,good,545,10,0,good,0,24,3,12.5,good,11,,0,good,0,,0,,0,0,good,,0,0,good,
Cyclophosphamide only,2,2,Mouse 2,Nasal Tissue,6,15.12.21,5765,18.86,Sample_5765,19A,B,4.815847,good,6,0,0,0,4,0,0,787,0,0,"A6948C,G11083T,C21005T,C23525T,C25452T,C28253T",,,,"C23525T|21K&21L&20J&22C&22B&22A&21M,C28253T|20H&21G","A6948C,C21005T,C25452T",0,2,3,5,,"ORF1a:N2228T,ORF1a:L3606F,ORF1b:A2513V,S:H655Y",,,"2,2378-2386,2388-2389,2391-2398,2400-2407,2409-2444,2446,5949-5953,5955-5981,5983-6006,9566-9569,9571-9574,9576-9577,9580-9582,9584-9586,9588-9604,9606-9614,9616-9627,9629,9631,9633-9692,9694-9695,20162-20186,20188-20194,20196-20207,20209-20212,20214-20218,20220-20225,20488-20497,20499-20520,20522-20551,20553-20589,20591,20593-20606,20609-20613,21889-21890,21892-21933,21935-21943,21945-21946,21948-21951,21953-21956,22457-22481,22534-22541,22645-22669,22671,22673-22683,22685-22692,22694-22695,22697-22710,22712-22718,22720-22742,22744-22758,22760-22779,26592-26600,26602-26607,26609-26617,29740-29742,29744-29754,29756-29759,29761-29791,29793-29795,29797-29868",,,89685,0,29903,3000,18.037037,good,787,10,0,good,0,24,3,12.5,good,11,,0,good,0,,0,,0,0,good,,0,0,good,
Cyclophosphamide only,2,2,Mouse 2,Lung Tissue,6,15.12.21,5766,22.03,Sample_5766,19A,B,0.131742,good,5,0,0,0,3,0,0,398,0,0,"A6948C,G11083T,C21005T,C25452T,C28253T",,,,C28253T|20H&21G,"A6948C,C21005T,C25452T",0,1,3,4,,"ORF1a:N2228T,ORF1a:L3606F,ORF1b:A2513V",,,"5948-5967,5969-5978,5980,5983-6006,6008-6014,20157,20159-20216,20218,20220-20227,20229-20230,20489-20493,20495-20507,20509-20523,20526,20528-20567,20569-20603,26592,26594-26617,26619-26622,26624-26626,29741-29812,29814-29817,29819-29867",,,89689,0,29903,3000,3.62963,good,398,10,0,good,0,24,-1,0,good,7,,0,good,0,,0,,0,0,good,,0,0,good,
Cyclophosphamide only,2,3,Mouse 3,Nasal Tissue,4,13.12.21,5767,18.33,Sample_5767,19A,B,2.256944,good,6,0,0,0,4,0,0,525,0,0,"A6948C,G11083T,C21005T,C23525T,C25452T,C28253T",,,,"C23525T|21K&21L&20J&22C&22B&22A&21M,C28253T|20H&21G","A6948C,C21005T,C25452T",0,2,3,5,,"ORF1a:N2228T,ORF1a:L3606F,ORF1b:A2513V,S:H655Y",,,"2395-2399,2401-2405,2407-2412,2414,2416-2417,2419-2421,2423-2427,5948-5979,5982,5984-6013,9586-9594,9596-9608,9610-9612,9614,9616-9625,9631-9641,9643,9645-9658,9672-9694,20160-20208,20210-20212,20214-20216,20218-20219,20222-20225,20486-20496,20498-20522,20524-20575,20577-20578,20580,20582-20596,20598-20613,22694,22696-22705,22707-22710,22712,22714-22718,22720-22734,22736-22737,22739-22742,22744-22766,22768,22770-22779,26592-26594,26596-26601,26603-26607,26609-26617,29794-29813,29815-29817,29820-29843,29845-29861,29864-29867",,,89685,0,29903,3000,8.333333,good,525,10,0,good,0,24,3,12.5,good,11,,0,good,0,,0,,0,0,good,,0,0,good,
Cyclophosphamide only,2,3,Mouse 3,Lung Tissue,4,13.12.21,5768,16.41,Sample_5768,19A,B,2.777778,good,6,2,0,0,4,0,0,238,0,0,"A6948C,G11083T,C21005T,C23525T,C25452T,C28253T",29789-29790,,,"C23525T|21K&21L&20J&22C&22B&22A&21M,C28253T|20H&21G","A6948C,C21005T,C25452T",0,2,3,5,,"ORF1a:N2228T,ORF1a:L3606F,ORF1b:A2513V,S:H655Y",,,"5948-5957,5959-5973,5975-5978,20157,20159,20161-20177,20179-20187,20189-20216,20218,20220,20487-20489,20491-20499,20501-20520,20522-20524,20526,20528-20535,20537-20580,20582-20584,20586-20587,26592-26600,26605,29816-29833,29835-29840,29843-29866",,,89673,0,29903,3000,0,good,238,10,0,good,0,24,4,16.666667,good,12,,0,good,0,,0,,0,0,good,,0,0,good,
Cyclophosphamide only,2,4,Mouse 4,Lung Tissue,4,13.12.21,5770,19.85,Sample_5770,19A,B,2.653364,good,6,0,0,0,4,0,0,582,0,0,"A6948C,G11083T,C21005T,C23525T,C25452T,C28253T",,,,"C23525T|21K&21L&20J&22C&22B&22A&21M,C28253T|20H&21G","A6948C,C21005T,C25452T",0,2,3,5,,"ORF1a:N2228T,ORF1a:L3606F,ORF1b:A2513V,S:H655Y",,,"2409-2412,2414-2422,2424-2426,2428-2445,5949,5951-5962,5964-5978,5982-5984,5986-6006,6008-6014,9582-9617,9619-9627,9631-9632,9635-9655,20177-20202,20204-20207,20210-20213,20216-20218,20220,20222,20224-20229,20488-20504,20506-20524,20526,20528-20530,20532-20542,20544-20582,20584,20587-20590,20592-20597,21937-21943,21945-21954,21956-21960,21962-21985,22670,22672-22675,22677-22710,22712-22718,22720-22739,22741-22763,22765-22773,22776-22779,26593-26617,26621-26622,26624-26626,29765-29766,29768-29770,29772-29790,29793-29831,29833-29841,29843-29866,29868",,,89685,0,29903,3000,10.444444,good,582,10,0,good,0,24,3,12.5,good,11,,0,good,0,,0,,0,0,good,,0,0,good,
Molnupiravir,3,1,Mouse 1,Lung Tissue,7,16.12.21,5772,15.87,Sample_5772,19A,B,0,good,5,0,0,0,3,0,0,67,0,0,"A6948C,G11083T,C21005T,C25452T,C28253T",,,,C28253T|20H&21G,"A6948C,C21005T,C25452T",0,1,3,4,,"ORF1a:N2228T,ORF1a:L3606F,ORF1b:A2513V",,,"29795-29812,29815-29821,29823,29825-29832,29834-29864,29866-29867",,,89689,0,29903,3000,0,good,67,10,0,good,0,24,-1,0,good,7,,0,good,0,,0,,0,0,good,,0,0,good,
Molnupiravir,3,2,Mouse 2,Lung Tissue,7,16.12.21,5774,13.11,Sample_5774,19A,B,1.5625,good,6,0,0,0,4,0,0,68,0,0,"A6948C,G11083T,C21005T,C23525T,C25452T,C28253T",,,,"C23525T|21K&21L&20J&22C&22B&22A&21M,C28253T|20H&21G","A6948C,C21005T,C25452T",0,2,3,5,,"ORF1a:N2228T,ORF1a:L3606F,ORF1b:A2513V,S:H655Y",,,"29794-29795,29797,29799-29817,29819-29824,29826-29832,29834-29847,29849-29867",,,89685,0,29903,3000,0,good,68,10,0,good,0,24,3,12.5,good,11,,0,good,0,,0,,0,0,good,,0,0,good,
Molnupiravir,3,3,Mouse 3,Nasal Tissue,7,16.12.21,5775,18.27,Sample_5775,19A,B,29.340278,good,19,0,0,0,11,0,0,268,0,1,"T682C,T833C,G890A,C2857T,G6653A,T6667C,A6948C,G11083T,C17373T,G18653A,C21005T,T22303G,A22453G,G23009A,G25395A,C25452T,G26062A,C28253T,C29245T",,,,C28253T|20H&21G,"T682C,T833C,G890A,C2857T,G6653A,T6667C,A6948C,C17373T,G18653A,C21005T,T22303G,A22453G,G23009A,G25395A,C25452T,G26062A,C29245T",0,1,17,18,,"ORF1a:F190L,ORF1a:G209S,ORF1a:V2130I,ORF1a:N2228T,ORF1a:L3606F,ORF1b:R1729H,ORF1b:A2513V,ORF3a:M1I,ORF3a:G224S,S:S247R,S:V483I",,,"5948-5950,5952-5976,5978,5980,5982-5984,5986-6014,20486-20524,20528-20613,29740-29747,29751-29786,29826-29839,29841,29843,29846-29860,29862-29867",,HKU_N_R:C29245T,89633,0,29903,3000,0,good,268,10,0,good,0,24,13,54.166667,mediocre,21,,0,good,0,,0,,0,0,good,,0,0,good,
Molnupiravir,3,3,Mouse 3,Lung Tissue,7,16.12.21,5776,19.89,Sample_5776,19A,B,0,good,5,0,0,0,3,0,0,217,0,0,"A6948C,G11083T,C21005T,C25452T,C28253T",,,,C28253T|20H&21G,"A6948C,C21005T,C25452T",0,1,3,4,,"ORF1a:N2228T,ORF1a:L3606F,ORF1b:A2513V",,,"3,5948-5954,5956-5964,5966-5978,5982-6014,26592-26601,26603-26622,29740-29751,29753-29763,29765-29788,29790,29792-29867",,,89689,0,29903,3000,0,good,217,10,0,good,0,24,-1,0,good,7,,0,good,0,,0,,0,0,good,,0,0,good,
Cyclophosphamide and Molnupiravir,4,1,Mouse 1,Nasal Tissue,7,16.12.21,5779,21.09,Sample_5779,19A,B,1.5625,good,6,0,0,0,4,0,0,207,0,0,"A6948C,G11083T,C21005T,C23525T,C25452T,C28253T",,,,"C23525T|21K&21L&20J&22C&22B&22A&21M,C28253T|20H&21G","A6948C,C21005T,C25452T",0,2,3,5,,"ORF1a:N2228T,ORF1a:L3606F,ORF1b:A2513V,S:H655Y",,,"5948,5950-5967,5969-5978,5982-5996,5998-6014,26603-26612,26614-26626,29740-29756,29758-29760,29762-29786,29788-29818,29820-29864,29866-29867",,,89685,0,29903,3000,0,good,207,10,0,good,0,24,3,12.5,good,11,,0,good,0,,0,,0,0,good,,0,0,good,
Cyclophosphamide and Molnupiravir,4,1,Mouse 1,Lung Tissue,7,16.12.21,5780,22.93,Sample_5780,19A,B,1.650291,good,6,0,0,0,4,0,0,380,0,0,"A6948C,G11083T,C21005T,C23525T,C25452T,C28253T",,,,"C23525T|21K&21L&20J&22C&22B&22A&21M,C28253T|20H&21G","A6948C,C21005T,C25452T",0,2,3,5,,"ORF1a:N2228T,ORF1a:L3606F,ORF1b:A2513V,S:H655Y",,,"5948-5978,5980,5982-6014,20151-20213,20215-20220,20486-20490,20493-20519,20521-20524,20529,20531-20580,26592-26601,26603-26626,26628-26632,29740-29749,29751-29790,29792,29794-29816,29818-29825,29827-29860,29862-29864,29866",,,89685,0,29903,3000,2.962963,good,380,10,0,good,0,24,3,12.5,good,11,,0,good,0,,0,,0,0,good,,0,0,good,
Cyclophosphamide and Molnupiravir,4,2,Mouse 2,Nasal Tissue,7,16.12.21,5781,18.19,Sample_5781,19A,B,1.725477,good,6,0,0,0,4,0,0,409,0,0,"A6948C,G11083T,C21005T,C23525T,C25452T,C28253T",,,,"C23525T|21K&21L&20J&22C&22B&22A&21M,C28253T|20H&21G","A6948C,C21005T,C25452T",0,2,3,5,,"ORF1a:N2228T,ORF1a:L3606F,ORF1b:A2513V,S:H655Y",,,"5948-5973,5975-5978,5980,5982-6006,6008-6014,20155-20191,20193-20214,20216-20230,20486-20522,20524,20528-20534,20536-20560,20562-20573,20575-20592,20594-20606,26592-26601,26603-26610,26612-26626,29740-29741,29743-29864,29866-29867",,,89685,0,29903,3000,4.037037,good,409,10,0,good,0,24,3,12.5,good,11,,0,good,0,,0,,0,0,good,,0,0,good,
Cyclophosphamide and Molnupiravir,4,2,Mouse 2,Lung Tissue,7,16.12.21,5782,18.13,Sample_5782,19A,B,1.5625,good,6,0,0,0,4,0,0,126,0,0,"A6948C,G11083T,C21005T,C23525T,C25452T,C28253T",,,,"C23525T|21K&21L&20J&22C&22B&22A&21M,C28253T|20H&21G","A6948C,C21005T,C25452T",0,2,3,5,,"ORF1a:N2228T,ORF1a:L3606F,ORF1b:A2513V,S:H655Y",,,"29740-29788,29790-29864,29866-29867",,,89685,0,29903,3000,0,good,126,10,0,good,0,24,3,12.5,good,11,,0,good,0,,0,,0,0,good,,0,0,good,
Cyclophosphamide and Molnupiravir,4,3,Mouse 3,Nasal Tissue,7,16.12.21,5783,18.58,Sample_5783,19A,B,1.56416,good,6,0,0,0,4,0,0,311,0,0,"A6948C,G11083T,C21005T,C23525T,C25452T,C28253T",,,,"C23525T|21K&21L&20J&22C&22B&22A&21M,C28253T|20H&21G","A6948C,C21005T,C25452T",0,2,3,5,,"ORF1a:N2228T,ORF1a:L3606F,ORF1b:A2513V,S:H655Y",,,"2-3,5953-5978,5982-6006,6008-6014,20523-20524,20529-20550,20552-20613,20615-20623,26592-26601,26603,26605-26614,26616-26625,29740-29818,29820-29840,29842-29864,29866-29867",,,89685,0,29903,3000,0.407407,good,311,10,0,good,0,24,3,12.5,good,11,,0,good,0,,0,,0,0,good,,0,0,good,
Cyclophosphamide and Molnupiravir,4,3,Mouse 3,Lung Tissue,7,16.12.21,5784,16.61,Sample_5784,19A,B,1.5625,good,6,0,0,0,4,0,0,253,0,0,"A6948C,G11083T,C21005T,C23525T,C25452T,C28253T",,,,"C23525T|21K&21L&20J&22C&22B&22A&21M,C28253T|20H&21G","A6948C,C21005T,C25452T",0,2,3,5,,"ORF1a:N2228T,ORF1a:L3606F,ORF1b:A2513V,S:H655Y",,,"5948-5966,5968-5978,5982-5983,20214-20218,20220-20226,20486-20493,20506-20524,20528-20551,26592-26607,26610-26618,26620-26624,26626,29740-29865,29867",,,89685,0,29903,3000,0,good,253,10,0,good,0,24,3,12.5,good,11,,0,good,0,,0,,0,0,good,,0,0,good,
Cyclophosphamide and Molnupiravir,4,4,Mouse 4,Nasal Tissue,7,16.12.21,5785,17.29,Sample_5785,19A,B,8.419139,good,6,0,0,0,4,0,0,1007,0,0,"A6948C,G11083T,C21005T,C23525T,C25452T,C28253T",,,,"C23525T|21K&21L&20J&22C&22B&22A&21M,C28253T|20H&21G","A6948C,C21005T,C25452T",0,2,3,5,,"ORF1a:N2228T,ORF1a:L3606F,ORF1b:A2513V,S:H655Y",,,"2409-2416,2418-2426,2428-2446,5949,5951-5978,5980-6006,6008-6014,9591-9606,9608-9619,9621-9626,9629,9631-9632,9634-9668,9670-9696,9698-9704,9707,9709,20155,20159-20203,20205-20216,20218-20222,20225,20227-20228,20486-20487,20489-20497,20499-20597,20599-20600,20602-20606,21856-21862,21864-21874,21876-21884,21886-21887,21890,21892-21933,21935-21943,21945-21954,21956-21964,21966-21989,21991,22451-22452,22454-22488,22490,22492-22512,22514-22544,22546-22567,22641-22645,22647-22661,22663-22675,22677-22691,22693,22695-22779,23885-23898,23900-23902,23904-23918,23920-23924,23926-23929,23931-23939,23941-23961,23963-23977,23979-23985,26592-26601,26603-26608,26611-26626,29740-29747,29749,29751-29793,29795-29805,29808-29818,29820-29846,29848-29867",,,89685,0,29903,3000,26.185185,good,1007,10,0,good,0,24,3,12.5,good,11,,0,good,0,,0,,0,0,good,,0,0,good,
Cyclophosphamide and Molnupiravir,4,4,Mouse 4,Lung Tissue,7,16.12.21,5786,16.96,Sample_5786,19A,B,1.973049,good,6,0,0,0,4,0,0,473,0,0,"A6948C,G11083T,C21005T,C23525T,C25452T,C28253T",,,,"C23525T|21K&21L&20J&22C&22B&22A&21M,C28253T|20H&21G","A6948C,C21005T,C25452T",0,2,3,5,,"ORF1a:N2228T,ORF1a:L3606F,ORF1b:A2513V,S:H655Y",,,"5948-5978,5980,5982-6006,6008-6012,6014,20151-20153,20155-20230,20234-20259,20486-20491,20493-20522,20524,20526,20528-20534,20536-20597,20599,20601-20607,20609-20613,20615-20621,20623-20640,26592-26602,26604-26626,29740-29772,29774-29866",,,89685,0,29903,3000,6.407407,good,473,10,0,good,0,24,3,12.5,good,11,,0,good,0,,0,,0,0,good,,0,0,good,
Cyclophosphamide and Pfizer,5,1,Mouse 1,Nasal Tissue,4,13.12.21,5787,24.31,Sample_5787,19A,B,1.37845,good,5,0,0,0,3,0,0,617,0,0,"A6948C,G11083T,C21005T,C25452T,C28253T",,,,C28253T|20H&21G,"A6948C,C21005T,C25452T",0,1,3,4,,"ORF1a:N2228T,ORF1a:L3606F,ORF1b:A2513V",,,"2,5948-5977,5980,5982-6014,9606-9624,9626-9627,9631-9653,20126-20131,20133-20136,20138-20139,20141-20222,20224-20230,20486-20524,20526,20528-20613,20615-20626,20628-20632,22688-22710,22712-22718,22721-22749,22751-22779,22781-22787,22789-22792,22794-22804,26593-26601,26603-26617,26619,29740-29868",,,89689,0,29903,3000,11.740741,good,617,10,0,good,0,24,-1,0,good,7,,0,good,0,,0,,0,0,good,,0,0,good,
Cyclophosphamide and Pfizer,5,1,Mouse 1,Lung Tissue,4,13.12.21,5788,22.14,Sample_5788,19A,B,1.5625,good,6,0,0,0,4,0,0,265,0,0,"A6948C,G11083T,C21005T,C23525T,C25452T,C28253T",,,,"C23525T|21K&21L&20J&22C&22B&22A&21M,C28253T|20H&21G","A6948C,C21005T,C25452T",0,2,3,5,,"ORF1a:N2228T,ORF1a:L3606F,ORF1b:A2513V,S:H655Y",,,"3,5948-5964,5966-5978,5980,5982-6014,20154-20226,29740-29866",,,89685,0,29903,3000,0,good,265,10,0,good,0,24,3,12.5,good,11,,0,good,0,,0,,0,0,good,,0,0,good,
Cyclophosphamide and Pfizer,5,2,Mouse 2,Nasal Tissue,7,16.12.21,5789,27.4,Sample_5789,19A,B,3.77929,good,6,0,0,0,4,0,0,702,0,0,"A6948C,G11083T,C21005T,C23525T,C25452T,C28253T",,,,"C23525T|21K&21L&20J&22C&22B&22A&21M,C28253T|20H&21G","A6948C,C21005T,C25452T",0,2,3,5,,"ORF1a:N2228T,ORF1a:L3606F,ORF1b:A2513V,S:H655Y",,,"2,5948-5978,5980,5982-6014,9589-9609,9611-9627,20126-20129,20131-20135,20137,20139-20213,20215-20223,20225,20227-20229,20486-20524,20526,20528-20639,22617-22692,22694-22703,22705-22710,22712-22718,22720-22792,22794-22804,26592-26601,26603-26626,27380-27383,29740-29865,29867",,,89685,0,29903,3000,14.888889,good,702,10,0,good,0,24,3,12.5,good,11,,0,good,0,,0,,0,0,good,,0,0,good,
Cyclophosphamide and Pfizer,5,3,Mouse 3,Nasal Tissue,7,16.12.21,5791,19.12,Sample_5791,19A,B,17.361111,good,13,0,0,0,9,0,0,192,0,0,"T2486C,G2879A,A6948C,C7063T,G11083T,C21005T,C23525T,C24231T,G24515A,C25452T,T27768C,G28001A,C28253T",,,,"C23525T|21K&21L&20J&22C&22B&22A&21M,C28253T|20H&21G","T2486C,G2879A,A6948C,C7063T,C21005T,C24231T,G24515A,C25452T,T27768C,G28001A",0,2,10,12,,"ORF1a:F741L,ORF1a:A872T,ORF1a:N2228T,ORF1a:L3606F,ORF1b:A2513V,ORF7b:S5P,S:H655Y,S:A890V,S:D985N",,,"5948-5978,5982-6013,29740-29868",,,89657,0,29903,3000,0,good,192,10,0,good,0,24,10,41.666667,mediocre,18,,0,good,0,,0,,0,0,good,,0,0,good,
Cyclophosphamide and Pfizer,5,3,Mouse 3,Lung Tissue,7,16.12.21,5792,24.34,Sample_5792,19A,B,3.845556,good,7,0,0,0,4,0,0,579,0,0,"A6948C,G11083T,C21005T,C23525T,C25452T,A26481G,C28253T",,,,"C23525T|21K&21L&20J&22C&22B&22A&21M,C28253T|20H&21G","A6948C,C21005T,C25452T,A26481G",0,2,4,6,,"ORF1a:N2228T,ORF1a:L3606F,ORF1b:A2513V,S:H655Y",,,"2,5948-5960,5962-5978,5982-5994,5996-6013,20151-20153,20155-20217,20219-20229,20486-20524,20528-20613,20615-20632,22641-22674,22676-22710,22712-22718,22720-22779,26592-26601,26603-26614,26616-26626,29740-29867",,,89681,0,29903,3000,10.333333,good,579,10,0,good,0,24,4,16.666667,good,12,,0,good,0,,0,,0,0,good,,0,0,good,
Cyclophosphamide and Pfizer,5,4,Mouse 4,Lung Tissue,7,16.12.21,5794,26.29,Sample_5794,19A,B,3.038275,good,6,0,0,0,4,0,0,628,0,0,"A6948C,G11083T,C21005T,C23525T,C25452T,C28253T",,,,"C23525T|21K&21L&20J&22C&22B&22A&21M,C28253T|20H&21G","A6948C,C21005T,C25452T",0,2,3,5,,"ORF1a:N2228T,ORF1a:L3606F,ORF1b:A2513V,S:H655Y",,,"2,5948-6014,20126-20142,20144-20160,20162-20232,20486-20524,20528-20530,20532-20542,20545-20613,20615-20620,20622-20640,22673-22709,22712-22718,22720-22749,22751,22754-22787,22789-22792,22794-22804,26592-26601,26603-26632,26634-26651,29740-29759,29761-29866",,,89685,0,29903,3000,12.148148,good,628,10,0,good,0,24,3,12.5,good,11,,0,good,0,,0,,0,0,good,,0,0,good,
"Cyclophosphamide, Pfizer and Molnupiravir",6,1,Mouse 1,Nasal Tissue,7,16.12.21,5795,24.77,Sample_5795,19A,B,1.5625,good,6,0,0,0,4,0,0,171,0,0,"A6948C,G11083T,C21005T,C23525T,C25452T,C28253T",,,,"C23525T|21K&21L&20J&22C&22B&22A&21M,C28253T|20H&21G","A6948C,C21005T,C25452T",0,2,3,5,,"ORF1a:N2228T,ORF1a:L3606F,ORF1b:A2513V,S:H655Y",,,"2-3,6002-6014,26592-26601,26603-26607,26609-26621,29740-29866,29868",,,89685,0,29903,3000,0,good,171,10,0,good,0,24,3,12.5,good,11,,0,good,0,,0,,0,0,good,,0,0,good,
"Cyclophosphamide, Pfizer and Molnupiravir",6,1,Mouse 1,Lung Tissue,7,16.12.21,5796,19.53,Sample_5796,19A,B,1.5625,good,6,0,0,0,4,0,0,271,0,0,"A6948C,G11083T,C21005T,C23525T,C25452T,C28253T",,,,"C23525T|21K&21L&20J&22C&22B&22A&21M,C28253T|20H&21G","A6948C,C21005T,C25452T",0,2,3,5,,"ORF1a:N2228T,ORF1a:L3606F,ORF1b:A2513V,S:H655Y",,,"5949-5978,5980,5982-6014,20151-20154,20156-20219,20221-20227,20229,26603-26609,29740,29742-29748,29750-29792,29794-29818,29820-29867",,,89685,0,29903,3000,0,good,271,10,0,good,0,24,3,12.5,good,11,,0,good,0,,0,,0,0,good,,0,0,good,
"Cyclophosphamide, Pfizer and Molnupiravir",6,2,Mouse 2,Nasal Tissue,3,12.12.21,5797,23.73,Sample_5797,19A,B,2.54774,good,6,0,0,0,4,0,0,568,0,0,"A6948C,G11083T,C21005T,C23525T,C25452T,C28253T",,,,"C23525T|21K&21L&20J&22C&22B&22A&21M,C28253T|20H&21G","A6948C,C21005T,C25452T",0,2,3,5,,"ORF1a:N2228T,ORF1a:L3606F,ORF1b:A2513V,S:H655Y",,,"4,6-8,10-12,5948-5978,5980,5982-6006,6008-6014,20134-20135,20138-20140,20142,20144-20149,20151-20220,20222-20228,20230,20232,20486,20488,20490-20524,20528,20530-20613,22641-22710,22720-22754,22756-22764,22766-22779,22781-22792,26592-26626,29755-29772,29774-29790,29792-29865",,,89685,0,29903,3000,9.925926,good,568,10,0,good,0,24,3,12.5,good,11,,0,good,0,,0,,0,0,good,,0,0,good,
"Cyclophosphamide, Pfizer and Molnupiravir",6,2,Mouse 2,Lung Tissue,3,12.12.21,5798,23.2,Sample_5798,19A,B,0,good,5,0,0,0,3,0,0,125,0,0,"A6948C,G11083T,C21005T,C25452T,C28253T",,,,C28253T|20H&21G,"A6948C,C21005T,C25452T",0,1,3,4,,"ORF1a:N2228T,ORF1a:L3606F,ORF1b:A2513V",,,"29740-29749,29751-29864,29866",,,89689,0,29903,3000,0,good,125,10,0,good,0,24,-1,0,good,7,,0,good,0,,0,,0,0,good,,0,0,good,
"Cyclophosphamide, Pfizer and Molnupiravir",6,3,Mouse 3,Nasal Tissue,7,16.12.21,5799,19.38,Sample_5799,19A,B,14.0625,good,12,0,0,0,10,0,0,256,0,0,"C1968T,G6744A,A6948C,G11083T,T14401C,C21005T,G21010A,G21641A,C23525T,C25452T,T28215C,C28253T",,,,"C23525T|21K&21L&20J&22C&22B&22A&21M,C28253T|20H&21G","C1968T,G6744A,A6948C,T14401C,C21005T,G21010A,G21641A,C25452T,T28215C",0,2,9,11,,"ORF1a:T568I,ORF1a:C2160Y,ORF1a:N2228T,ORF1a:L3606F,ORF1b:F312L,ORF1b:A2513V,ORF1b:V2515I,ORF8:F108L,S:A27T,S:H655Y",,,"5949-5952,5954-5978,5982,5984-6014,20155-20178,20180-20188,20190-20225,20227-20228,20561-20563,29740-29746,29748-29749,29751-29761,29763-29790,29792,29794-29864,29866",,,89661,0,29903,3000,0,good,256,10,0,good,0,24,9,37.5,mediocre,17,,0,good,0,,0,,0,0,good,,0,0,good,
"Cyclophosphamide, Pfizer and Molnupiravir",6,3,Mouse 3,Lung Tissue,7,16.12.21,5800,27.87,Sample_5800,19A,B,4.356135,good,8,0,0,0,6,0,0,334,0,0,"G510A,A6948C,G11083T,C21005T,G21701A,C23525T,C25452T,C28253T",,,,"C23525T|21K&21L&20J&22C&22B&22A&21M,C28253T|20H&21G","G510A,A6948C,C21005T,G21701A,C25452T",0,2,5,7,,"ORF1a:G82D,ORF1a:N2228T,ORF1a:L3606F,ORF1b:A2513V,S:V47I,S:H655Y",,,"2-29,5940-5946,5948-5978,5980,5982-6020,6022-6041,26567-26577,26586-26601,26603-26626,26628-26651,29734-29738,29740-29867",,,89677,0,29903,3000,1.259259,good,334,10,0,good,0,24,5,20.833333,good,13,,0,good,0,,0,,0,0,good,,0,0,good,
"Cyclophosphamide, Pfizer and Molnupiravir",6,4,Mouse 4,Nasal Tissue,7,16.12.21,5801,30.53,Sample_5801,19A,B,8.506944,good,7,0,0,0,5,0,0,136,0,0,"A6948C,G11083T,C21005T,C23525T,C25452T,G25563T,C28253T",,,,"C23525T|21K&21L&20J&22C&22B&22A&21M,G25563T|20G&20C&20A&21C&21F&20H&21H,C28253T|20H&21G","A6948C,C21005T,C25452T",0,3,3,6,,"ORF1a:N2228T,ORF1a:L3606F,ORF1b:A2513V,ORF3a:Q57H,S:H655Y",,,"2-4,29734-29738,29740-29867",,,89681,0,29903,3000,0,good,136,10,0,good,0,24,7,29.166667,good,15,,0,good,0,,0,,0,0,good,,0,0,good,